 time[s], u[ft/s], v[ft/s], w[ft/s], p[rad/s], q[rad/s], r[rad/s], xf[ft], yf[ft], zf[ft], e0, ex, ey, ez
   0.0000000000000000      ,   210.00000000000000      ,   0.0000000000000000      ,   0.0000000000000000      ,   0.0000000000000000      ,   0.0000000000000000      ,   0.0000000000000000      ,   0.0000000000000000      ,   0.0000000000000000      ,  -5.0000000000000000      ,  0.52532198881772973      ,  0.85090352453411844      ,   0.0000000000000000      ,   0.0000000000000000     
   1.0000000000000000E-002 ,   209.73160577476648      ,  0.28765980898104193      , -0.14399465014301535      ,   0.0000000000000000      ,   2.4077565799676803E-004 ,   4.8079933683286094E-004 ,   2.0986574780782341      ,  -5.4074179419926583E-007 ,  -4.9983902200593464      ,  0.52532198881751768      ,  0.85090352453377571      ,  -4.7180637998730286E-007 ,   7.6378855272691010E-007
   2.0000000000000000E-002 ,   209.46384531491225      ,  0.57403511063289159      , -0.28698548830914550      ,   0.0000000000000000      ,   9.5632991073301679E-004 ,   1.9112759281406351E-003 ,   4.1946341879464164      ,  -4.3204278515626354E-006 ,  -4.9935565816529230      ,  0.52532198880430592      ,  0.85090352451238449      ,  -3.7579432551122081E-006 ,   6.0801643179378475E-006
   2.9999999999999999E-002 ,   209.19667867722416      ,  0.85715844095775662      , -0.42799375908661985      ,   0.0000000000000000      ,   2.1341710254947225E-003 ,   4.2688323960299417E-003 ,   6.2879360832312488      ,  -1.4556391853530934E-005 ,  -4.9854927012547599      ,  0.52532198866641733      ,  0.85090352428915161      ,  -1.2621633328929414E-005 ,   2.0409703806341092E-005
   4.0000000000000001E-002 ,   208.93008191749013      ,   1.1351188353480572      , -0.56607371124426831      ,   0.0000000000000000      ,   3.7588265926656976E-003 ,   7.5248178848807343E-003 ,   8.3785685294219441      ,  -3.4423297333069358E-005 ,  -4.9741923367263512      ,  0.52532198797745833      ,  0.85090352317395912      ,  -2.9753736314401511E-005 ,   4.8086068011793422E-005
