 time[s], u[ft/s], v[ft/s], w[ft/s], p[rad/s], q[rad/s], r[rad/s], xf[ft], yf[ft], zf[ft], e0, ex, ey, ez
   0.0000000000000000      ,   326.90077135017464      ,   0.0000000000000000      ,   45.120790004839762      ,   0.0000000000000000      ,   0.0000000000000000      ,   0.0000000000000000      ,   0.0000000000000000      ,   0.0000000000000000      ,  -1000.0000000000000      ,  0.99764933669873013      ,   0.0000000000000000      ,   6.8525914693522316E-002 ,   0.0000000000000000     
   1.0000000000000000E-002 ,   326.85815500343989      ,  -2.3510347780961597E-011 ,   45.429543286570201      ,   3.0427351050903645E-012 ,   3.4404806674381475E-006 ,   2.9117185214558485E-011 ,   3.2999999987570234      ,  -8.1790617562854269E-028 ,  -999.99844155991491      ,  0.99764933630555364      ,   6.2665357669231445E-015 ,   6.8525920417667530E-002 ,   3.6153675513326947E-014
   2.0000000000000000E-002 ,   326.81554403800027      ,  -3.7439664940777207E-010 ,   45.738251760900077      ,   2.4577739305986259E-011 ,   1.3728197943419164E-005 ,   2.3227853240357941E-010 ,   6.5999999900412867      ,   3.6759939654883008E-016 ,  -999.99376669144090      ,  0.99764933355909469      ,   1.0086083705008081E-013 ,   6.8525960402567934E-002 ,   5.7596112696162969E-013
